{"IcoMoonType":"selection","icons":[{"icon":{"paths":["M0 0h1536v1024h-1536z","M0 0h768v1024h-768z","M989.703 384c-45.087-77.060-127.446-128-221.703-128-141.385 0-256 114.615-256 256s114.615 256 256 256c94.257 0 176.616-50.94 221.048-126.792l0.654-1.208c-37.847 46.989-95.378 76.8-159.872 76.8-113.108 0-204.8-91.692-204.8-204.8s91.692-204.8 204.8-204.8c64.494 0 122.025 29.811 159.565 76.406l0.307 0.394zM999.554 512l-231.554-75.237 143.108 196.972v-243.47l-143.108 196.971z"],"attrs":[{"fill":"rgb(255, 255, 255)"},{"fill":"rgb(0, 102, 51)"},{"fill":"rgb(210, 16, 52)"}],"width":1536,"isMulticolor":true,"isMulticolor2":false,"grid":0,"tags":["Flag_of_Algeria"],"colorPermutations":{"11025111091692101210165212552552551":[{"f":4},{"f":1},{"f":2}]}},"attrs":[{"fill":"rgb(255, 255, 255)"},{"fill":"rgb(0, 102, 51)"},{"fill":"rgb(210, 16, 52)"}],"properties":{"order":13,"id":1,"name":"Flag_of_Algeria","prevSize":32,"code":59648,"codes":[59648,59649,59650]},"setIdx":0,"setId":2,"iconIdx":0},{"icon":{"paths":["M0 0h1536v1024h-1536v-1024z","M0 384h1536v256h-1536v-256z","M0 426.667h1536v170.667h-1536v-170.667z"],"attrs":[{"fill":"rgb(109, 169, 210)"},{"fill":"rgb(255, 255, 255)"},{"fill":"rgb(0, 0, 0)"}],"width":1536,"isMulticolor":true,"isMulticolor2":false,"grid":0,"tags":["Flag_of_Botswana"],"colorPermutations":{"11025111091692101210165212552552551":[{"f":3},{"f":4},{"f":0}]}},"attrs":[{"fill":"rgb(109, 169, 210)"},{"fill":"rgb(255, 255, 255)"},{"fill":"rgb(0, 0, 0)"}],"properties":{"order":14,"id":0,"name":"Flag_of_Botswana","prevSize":32,"code":59651,"codes":[59651,59652,59653]},"setIdx":0,"setId":2,"iconIdx":1}],"height":1024,"metadata":{"name":"icomoon"},"preferences":{"showGlyphs":true,"showQuickUse":true,"showQuickUse2":true,"showSVGs":true,"fontPref":{"prefix":"icon-","metadata":{"fontFamily":"icomoon","majorVersion":1,"minorVersion":0},"metrics":{"emSize":1024,"baseline":6.25,"whitespace":50},"embed":false},"imagePref":{"prefix":"icon-","png":true,"useClassSelector":true,"color":0,"bgColor":16777215,"classSelector":".icon","name":"icomoon"},"historySize":50,"showCodes":true,"gridSize":16}}